{
    "streams": [
        {
            "id": 1,
            "title": "Courte durée",
            "value": "Courte durée",
            "measures": [
                1,
                2,
                3,
                4,
                5,
                6
            ]
        },
        {
            "id": 2,
            "title": "CDJ",
            "value": "CDJ",
            "measures": [
                1,
                2,
                3,
                4,
                5,
                6
            ]
        },
        {
            "id": 3,
            "title": "Urgence",
            "value": "Urgence",
            "measures": [
                1,
                2,
                3,
                7
            ]
        },
        {
            "id": 4,
            "title": "Amb autres",
            "value": "Amb autres",
            "measures": [
                1,
                2,
                3
            ]
        }
    ],
    "measures": [
        {
            "id": 1,
            "title": "Coût total",
            "icon": "far fa-money-bill-alt",
            "color": "blue",
            "value": "Coût total"
        },
        {
            "id": 2,
            "title": "Coût moyen",
            "icon": "far fa-balance-scale",
            "color": "green",
            "value": "Coût moyen"
        },
        {
            "id": 3,
            "title": "Nombre d'épisodes",
            "icon": "fas fa-medkit",
            "color": "purple",
            "value": "Nombre d'épisodes"
        },
        {
            "id": 4,
            "title": "DMS (jours)",
            "icon": "fas fa-calendar-alt",
            "color": "orange",
            "value": "DMS (jours)"
        },
        {
            "id": 5,
            "title": "Équivalents-lits (Jours / 365)",
            "icon": "fas fa-bed",
            "color": "maroon",
            "value": "Équivalents-lits (Jours / 365)"
        },
        {
            "id": 6,
            "title": "Nombre d'usagers",
            "icon": "fas fa-users",
            "color": "darkgreen",
            "value": "Nombre d'usagers"
        },
        {
            "id": 7,
            "title": "DMS (heures)",
            "icon": "fas fa-calendar-alt",
            "color": "orange",
            "value": "DMS (heures)"
        }
    ],
    "stacks": [
        {
            "id": 1,
            "title": "Groupes d'âge",
            "value": "Groupes d'âge"
        },
        {
            "id": 2,
            "title": "Typ/Atyp",
            "value": "Typ/Atyp"
        },
        {
            "id": 3,
            "title": "Gravité",
            "value": "Gravité"
        },
        {
            "id": 4,
            "title": "Type de soins",
            "value": "Type de soins"
        },
        {
            "id": 5,
            "title": "Région de provenance",
            "long": true,
            "value": null
        }
    ],
    "dimensions": [
        {
            "id": 1,
            "title": "Étab",
            "value": "Étab"
        },
        {
            "id": 2,
            "title": "Inst",
            "value": "Inst"
        }
    ],
    "refTypes": [
        {
            "id": 1,
            "title": "Moyenne",
            "value": 1,
            "colorClass": "tab-moy"
        },
        {
            "id": 2,
            "title": "Médiane",
            "value": 2,
            "colorClass": "tab-med"
        }
    ],
    "costTypes": [
        {
            "id": 1,
            "title": "Coûts directs",
            "value": 1
        },
        {
            "id": 2,
            "title": "Coûts totaux",
            "value": 2
        }
    ],
    "comparaisons-group-ref-values": "LXTvY",
    "comparaisons-group-comp-values": "dbjHRzz",
    "comparaisons-group-ecart-values": "WHfraZr",
    "comparaisons-kpi-chart": "DVUuTz",
    "comparaisons-distribution-#-chart": "ZMQKX",
    "comparaisons-distribution-%-chart": "PyqHE",
    "comparaisons-table": "VsCxpe",
    "group-ref-list": "FGMrKh",
    "group-comp-list": "MpNYzya",
    "stream-field": "Stream",
    "measure-field": "EtalonnageMeasureDesc",
    "dimension-field": "EtalonnageDimensionDesc",
    "stack-field": "EtalonnageStackDesc",
    "ref-type-variable": "vRefType",
    "cost-type-variable": "vCostType",
    "startup-bookmark": "3faa9133-02ac-46e1-9030-adc1fd37f987"
}
