{
    "streams": [
        {
            "id": 1,
            "title": "Courte durée",
            "value": "Courte durée",
            "measures": [
                1,
                2,
                3,
                4,
                5,
                6
            ]
        },
        {
            "id": 2,
            "title": "CDJ",
            "value": "CDJ",
            "measures": [
                1,
                2,
                3
            ]
        },
        {
            "id": 3,
            "title": "Urgence",
            "value": "Urgence",
            "measures": [
                1,
                2,
                3,
                7,
                8,
                9
            ]
        },
        {
            "id": 4,
            "title": "Amb autres",
            "value": "Amb autres",
            "measures": [
                1,
                2,
                3,
                4
            ]
        }
    ],
    "measures": [
        {
            "id": 1,
            "title": "Coût total",
            "subtitle": "-",
            "icon": "far fa-money-bill-alt",
            "color": "blue",
            "value": "Coût total"
        },
        {
            "id": 2,
            "title": "Coût moyen",
            "subtitle": "-",
            "icon": "far fa-balance-scale",
            "color": "green",
            "value": "Coût moyen"
        },
        {
            "id": 3,
            "title": "Nombre d'épisodes",
            "subtitle": "-",
            "icon": "fas fa-medkit",
            "color": "purple",
            "value": "Nombre d'épisodes"
        },
        {
            "id": 4,
            "title": "DMS (jours)",
            "subtitle": "-",
            "icon": "fas fa-calendar-alt",
            "color": "orange",
            "value": "DMS (jours)"
        },
        {
            "id": 5,
            "title": "Équivalents-lits (Jours / 365)",
            "subtitle": "-",
            "icon": "fas fa-bed",
            "color": "maroon",
            "value": "Équivalents-lits (Jours / 365)"
        },
        {
            "id": 6,
            "title": "Nombre d'usagers",
            "subtitle": "-",
            "icon": "fas fa-users",
            "color": "darkgreen",
            "value": "Nombre d'usagers"
        },
        {
            "id": 7,
            "title": "% sur civière",
            "subtitle": "-",
            "icon": "fa fa-pie-chart",
            "color": "orange",
            "value": "% sur civière"
        },
        {
            "id": 8,
            "title": "DMS ambulant (heures)",
            "subtitle": "-",
            "icon": "fa fa-stethoscope",
            "color": "maroon",
            "value": "DMS ambulant (heures)"
        },
        {
            "id": 9,
            "title": "DMS civière (heures)",
            "subtitle": "-",
            "icon": "fas fa-hourglass-start",
            "color": "darkgreen",
            "value": "DMS civière (heures)"
        }
    ],
    "stacks": [
        {
            "id": 1,
            "title": "Groupes d'âge",
            "value": "Groupes d'âge"
        },
        {
            "id": 2,
            "title": "Gravité",
            "value": "Gravité"
        },
        {
            "id": 3,
            "title": "Typ/Atyp",
            "value": "Typ/Atyp"
        },
        {
            "id": 4,
            "title": "Type de soins",
            "value": "Type de soins"
        },
        {
            "id": 5,
            "title": "Type de coûts",
            "long": true,
            "value": null
        }
    ],
    "stack-mode": [
        {
            "id": 1,
            "title": "#",
            "stacks": [
                1,
                2,
                3,
                4
            ]
        },
        {
            "id": 2,
            "title": "%",
            "stacks": [
                1,
                2,
                3,
                4
            ]
        },
        {
            "id": 3,
            "title": "$",
            "stacks": [
                1,
                2,
                3,
                4,
                5
            ]
        },
        {
            "id": 4,
            "title": "!",
            "stacks": [
                1,
                2,
                3,
                4,
                5
            ]
        }
    ],
    "dimensions": [
        {
            "id": 1,
            "title": "Étab",
            "value": "Étab"
        },
        {
            "id": 2,
            "title": "Inst",
            "value": "Inst"
        }
    ],
    "refTypes": [
        {
            "id": 1,
            "title": "Moyenne",
            "value": 1,
            "colorClass": "tab-moy"
        },
        {
            "id": 2,
            "title": "Médiane",
            "value": 2,
            "colorClass": "tab-med"
        }
    ],
    "costTypes": [
        {
            "id": 1,
            "title": "Coûts directs",
            "value": 1
        },
        {
            "id": 2,
            "title": "Coûts totaux",
            "value": 2
        }
    ],
    "etalonnage-main-chart": "HmvEpKU",
    "etalonnage-sub-chart": "mhftAx",
    "etalonnage-sub-chart-2": "JJLWxF",
    "etalonnage-ref-values": "DXddA",
    "etalonnage-cost-chart": "hJEvjF",
    "etalonnage-table": "nNt",
    "stream-field": "Stream",
    "measure-field": "EtalonnageMeasureDesc",
    "dimension-field": "EtalonnageDimensionDesc",
    "stack-field": "EtalonnageStackDesc",
    "ref-type-variable": "vRefType",
    "cost-type-variable": "vCostType",
    "table-mode-variable": "vTableMode",
    "stack-mode-variable": "vStackMode",
    "startup-bookmark": "3faa9133-02ac-46e1-9030-adc1fd37f987"
}
