{
    "tabs": [
        {
            "id": 1,
            "title": "Étalonnage",
            "link": "etalonnage"
        },
        {
            "id": 2,
            "title": "Comparaisons",
            "link": "comparaisons"
        },
        {
            "id": 3,
            "title": "Profil de coûts",
            "link": "profile"
        },
        {
            "id": 4,
            "title": "Analyses cliniques",
            "link": "cliniques"
        },
        {
            "id": 5,
            "title": "Q&S",
            "link": "qns"
        },
        {
            "id": 6,
            "title": "Analyse géospatiale",
            "link": "geospatiale"
        },
        {
            "id": 7,
            "title": "PdP",
            "link": "pdp"
        },
        {
            "id": 8,
            "title": "QdDR",
            "link": "qddr"
        }
    ]
}
